municipio;candidatura;cargo;numero;votos;participacao_regional_percentual;ano;turno;origem
Peruíbe;Maíra de Souza;Senado;808;129;3,0403;2026;1;dados fornecidos pelo usuario
Peruíbe;Marcio Alves;Senado;800;55;3,2525;2026;1;dados fornecidos pelo usuario
Peruíbe;Vivian Mendes;Governo SP;80;142;3,9731;2026;1;dados fornecidos pelo usuario
Peruíbe;Samara Martins;Presidência;80;84;4,1958;2026;1;dados fornecidos pelo usuario
Peruíbe;Julia Cachos;Dep. estadual;80000;12;3,7618;2026;1;dados fornecidos pelo usuario
Peruíbe;Lucas da Frente Operária;Dep. estadual;80123;2;1,6529;2026;1;dados fornecidos pelo usuario
Peruíbe;Ricardo Senese;Dep. federal;8000;4;4,8780;2026;1;dados fornecidos pelo usuario
Peruíbe;Dany Oliveira;Dep. federal;8080;1;0,9346;2026;1;dados fornecidos pelo usuario
Peruíbe;Thais Gasparini;Dep. federal;8010;4;2,1858;2026;1;dados fornecidos pelo usuario
Peruíbe;Karla Albuquerque;Dep. federal;8008;0;0,0000;2026;1;dados fornecidos pelo usuario
Peruíbe;Matheus Morais;Dep. federal;8001;0;0,0000;2026;1;dados fornecidos pelo usuario
Itanhaém;Maíra de Souza;Senado;808;225;5,3029;2026;1;dados fornecidos pelo usuario
Itanhaém;Marcio Alves;Senado;800;75;4,4352;2026;1;dados fornecidos pelo usuario
Itanhaém;Vivian Mendes;Governo SP;80;185;5,1763;2026;1;dados fornecidos pelo usuario
Itanhaém;Samara Martins;Presidência;80;106;5,2947;2026;1;dados fornecidos pelo usuario
Itanhaém;Julia Cachos;Dep. estadual;80000;16;5,0157;2026;1;dados fornecidos pelo usuario
Itanhaém;Lucas da Frente Operária;Dep. estadual;80123;3;2,4793;2026;1;dados fornecidos pelo usuario
Itanhaém;Ricardo Senese;Dep. federal;8000;3;3,6585;2026;1;dados fornecidos pelo usuario
Itanhaém;Dany Oliveira;Dep. federal;8080;4;3,7383;2026;1;dados fornecidos pelo usuario
Itanhaém;Thais Gasparini;Dep. federal;8010;10;5,4645;2026;1;dados fornecidos pelo usuario
Itanhaém;Karla Albuquerque;Dep. federal;8008;3;14,2857;2026;1;dados fornecidos pelo usuario
Itanhaém;Matheus Morais;Dep. federal;8001;0;0,0000;2026;1;dados fornecidos pelo usuario
Mongaguá;Maíra de Souza;Senado;808;110;2,5925;2026;1;dados fornecidos pelo usuario
Mongaguá;Marcio Alves;Senado;800;58;3,4299;2026;1;dados fornecidos pelo usuario
Mongaguá;Vivian Mendes;Governo SP;80;126;3,5255;2026;1;dados fornecidos pelo usuario
Mongaguá;Samara Martins;Presidência;80;66;3,2967;2026;1;dados fornecidos pelo usuario
Mongaguá;Julia Cachos;Dep. estadual;80000;14;4,3887;2026;1;dados fornecidos pelo usuario
Mongaguá;Lucas da Frente Operária;Dep. estadual;80123;1;0,8264;2026;1;dados fornecidos pelo usuario
Mongaguá;Ricardo Senese;Dep. federal;8000;2;2,4390;2026;1;dados fornecidos pelo usuario
Mongaguá;Dany Oliveira;Dep. federal;8080;6;5,6075;2026;1;dados fornecidos pelo usuario
Mongaguá;Thais Gasparini;Dep. federal;8010;4;2,1858;2026;1;dados fornecidos pelo usuario
Mongaguá;Karla Albuquerque;Dep. federal;8008;2;9,5238;2026;1;dados fornecidos pelo usuario
Mongaguá;Matheus Morais;Dep. federal;8001;0;0,0000;2026;1;dados fornecidos pelo usuario
Praia Grande;Maíra de Souza;Senado;808;895;21,0936;2026;1;dados fornecidos pelo usuario
Praia Grande;Marcio Alves;Senado;800;337;19,9290;2026;1;dados fornecidos pelo usuario
Praia Grande;Vivian Mendes;Governo SP;80;637;17,8232;2026;1;dados fornecidos pelo usuario
Praia Grande;Samara Martins;Presidência;80;360;17,9820;2026;1;dados fornecidos pelo usuario
Praia Grande;Julia Cachos;Dep. estadual;80000;95;29,7806;2026;1;dados fornecidos pelo usuario
Praia Grande;Lucas da Frente Operária;Dep. estadual;80123;32;26,4463;2026;1;dados fornecidos pelo usuario
Praia Grande;Ricardo Senese;Dep. federal;8000;17;20,7317;2026;1;dados fornecidos pelo usuario
Praia Grande;Dany Oliveira;Dep. federal;8080;25;23,3645;2026;1;dados fornecidos pelo usuario
Praia Grande;Thais Gasparini;Dep. federal;8010;57;31,1475;2026;1;dados fornecidos pelo usuario
Praia Grande;Karla Albuquerque;Dep. federal;8008;0;0,0000;2026;1;dados fornecidos pelo usuario
Praia Grande;Matheus Morais;Dep. federal;8001;1;25,0000;2026;1;dados fornecidos pelo usuario
São Vicente;Maíra de Souza;Senado;808;734;17,2991;2026;1;dados fornecidos pelo usuario
São Vicente;Marcio Alves;Senado;800;307;18,1549;2026;1;dados fornecidos pelo usuario
São Vicente;Vivian Mendes;Governo SP;80;586;16,3962;2026;1;dados fornecidos pelo usuario
São Vicente;Samara Martins;Presidência;80;358;17,8821;2026;1;dados fornecidos pelo usuario
São Vicente;Julia Cachos;Dep. estadual;80000;34;10,6583;2026;1;dados fornecidos pelo usuario
São Vicente;Lucas da Frente Operária;Dep. estadual;80123;16;13,2231;2026;1;dados fornecidos pelo usuario
São Vicente;Ricardo Senese;Dep. federal;8000;19;23,1707;2026;1;dados fornecidos pelo usuario
São Vicente;Dany Oliveira;Dep. federal;8080;14;13,0841;2026;1;dados fornecidos pelo usuario
São Vicente;Thais Gasparini;Dep. federal;8010;29;15,8470;2026;1;dados fornecidos pelo usuario
São Vicente;Karla Albuquerque;Dep. federal;8008;2;9,5238;2026;1;dados fornecidos pelo usuario
São Vicente;Matheus Morais;Dep. federal;8001;1;25,0000;2026;1;dados fornecidos pelo usuario
Cubatão;Maíra de Souza;Senado;808;228;5,3736;2026;1;dados fornecidos pelo usuario
Cubatão;Marcio Alves;Senado;800;106;6,2685;2026;1;dados fornecidos pelo usuario
Cubatão;Vivian Mendes;Governo SP;80;217;6,0716;2026;1;dados fornecidos pelo usuario
Cubatão;Samara Martins;Presidência;80;106;5,2947;2026;1;dados fornecidos pelo usuario
Cubatão;Julia Cachos;Dep. estadual;80000;6;1,8809;2026;1;dados fornecidos pelo usuario
Cubatão;Lucas da Frente Operária;Dep. estadual;80123;6;4,9587;2026;1;dados fornecidos pelo usuario
Cubatão;Ricardo Senese;Dep. federal;8000;2;2,4390;2026;1;dados fornecidos pelo usuario
Cubatão;Dany Oliveira;Dep. federal;8080;5;4,6729;2026;1;dados fornecidos pelo usuario
Cubatão;Thais Gasparini;Dep. federal;8010;3;1,6393;2026;1;dados fornecidos pelo usuario
Cubatão;Karla Albuquerque;Dep. federal;8008;2;9,5238;2026;1;dados fornecidos pelo usuario
Cubatão;Matheus Morais;Dep. federal;8001;1;25,0000;2026;1;dados fornecidos pelo usuario
Santos;Maíra de Souza;Senado;808;1323;31,1808;2026;1;dados fornecidos pelo usuario
Santos;Marcio Alves;Senado;800;477;28,2082;2026;1;dados fornecidos pelo usuario
Santos;Vivian Mendes;Governo SP;80;1031;28,8472;2026;1;dados fornecidos pelo usuario
Santos;Samara Martins;Presidência;80;566;28,2717;2026;1;dados fornecidos pelo usuario
Santos;Julia Cachos;Dep. estadual;80000;108;33,8558;2026;1;dados fornecidos pelo usuario
Santos;Lucas da Frente Operária;Dep. estadual;80123;47;38,8430;2026;1;dados fornecidos pelo usuario
Santos;Ricardo Senese;Dep. federal;8000;28;34,1463;2026;1;dados fornecidos pelo usuario
Santos;Dany Oliveira;Dep. federal;8080;37;34,5794;2026;1;dados fornecidos pelo usuario
Santos;Thais Gasparini;Dep. federal;8010;58;31,6940;2026;1;dados fornecidos pelo usuario
Santos;Karla Albuquerque;Dep. federal;8008;10;47,6190;2026;1;dados fornecidos pelo usuario
Santos;Matheus Morais;Dep. federal;8001;1;25,0000;2026;1;dados fornecidos pelo usuario
Guarujá;Maíra de Souza;Senado;808;477;11,2420;2026;1;dados fornecidos pelo usuario
Guarujá;Marcio Alves;Senado;800;222;13,1283;2026;1;dados fornecidos pelo usuario
Guarujá;Vivian Mendes;Governo SP;80;548;15,3330;2026;1;dados fornecidos pelo usuario
Guarujá;Samara Martins;Presidência;80;309;15,4346;2026;1;dados fornecidos pelo usuario
Guarujá;Julia Cachos;Dep. estadual;80000;25;7,8370;2026;1;dados fornecidos pelo usuario
Guarujá;Lucas da Frente Operária;Dep. estadual;80123;11;9,0909;2026;1;dados fornecidos pelo usuario
Guarujá;Ricardo Senese;Dep. federal;8000;6;7,3171;2026;1;dados fornecidos pelo usuario
Guarujá;Dany Oliveira;Dep. federal;8080;10;9,3458;2026;1;dados fornecidos pelo usuario
Guarujá;Thais Gasparini;Dep. federal;8010;15;8,1967;2026;1;dados fornecidos pelo usuario
Guarujá;Karla Albuquerque;Dep. federal;8008;2;9,5238;2026;1;dados fornecidos pelo usuario
Guarujá;Matheus Morais;Dep. federal;8001;0;0,0000;2026;1;dados fornecidos pelo usuario
Bertioga;Maíra de Souza;Senado;808;122;2,8753;2026;1;dados fornecidos pelo usuario
Bertioga;Marcio Alves;Senado;800;54;3,1934;2026;1;dados fornecidos pelo usuario
Bertioga;Vivian Mendes;Governo SP;80;102;2,8539;2026;1;dados fornecidos pelo usuario
Bertioga;Samara Martins;Presidência;80;47;2,3477;2026;1;dados fornecidos pelo usuario
Bertioga;Julia Cachos;Dep. estadual;80000;9;2,8213;2026;1;dados fornecidos pelo usuario
Bertioga;Lucas da Frente Operária;Dep. estadual;80123;3;2,4793;2026;1;dados fornecidos pelo usuario
Bertioga;Ricardo Senese;Dep. federal;8000;1;1,2195;2026;1;dados fornecidos pelo usuario
Bertioga;Dany Oliveira;Dep. federal;8080;5;4,6729;2026;1;dados fornecidos pelo usuario
Bertioga;Thais Gasparini;Dep. federal;8010;3;1,6393;2026;1;dados fornecidos pelo usuario
Bertioga;Karla Albuquerque;Dep. federal;8008;0;0,0000;2026;1;dados fornecidos pelo usuario
Bertioga;Matheus Morais;Dep. federal;8001;0;0,0000;2026;1;dados fornecidos pelo usuario